CAR_RECDRV_KEY,USR_KEY,DRV_KEY,RECDRV_IS_HIDDEN,RECDRV_ID,RECDRV_MODIFY_ID,RECDRV_STDT,RECDRV_ENDT,RECDRV_DRVTIME,RECDRV_DRVDIS,RECDRV_AVE_SPD,RECDRV_FUEL_USEDAMT,RECDRV_OILPAYM,RECDRV_FRATIO,RECDRV_FUEL_CUT_TIME,RECDRV_AVE_RPM,RECDRV_DRV_VALUE,RECDRV_LAT,RECDRV_LONG,RECDRV_ADDR,RECDRV_START_LAT,RECDRV_START_LONG,RECDRV_IDLING_TIME,RECDRV_SAFEIN_SCORE,RECDRV_ECO_SCORE,RECDRV_FUELRATIO_SCORE,RECDRV_UPLOAD_TIME,RECDRV_COOL_TEMP,RECDRV_OIL_TEMP,RECDRV_IDLING_FUEL_USEDAMT,RECDRV_REG_DT,RECDRV_AVR_APS,RECDRV_AVR_TPS,RECDRV_AVR_RPS,RECDRV_AVR_MAF,RECDRV_AVR_FUELLEVEL,RECDRV_AVR_TORQUE,RECDRV_AVR_FUEL_TRIM_B1S,RECDRV_AVR_FUEL_TRIM_B2S,RECDRV_AVR_FUEL_TRIM_B1L,RECDRV_AVR_FUEL_TRIM_B2L,RECDRV_AVR_ENGINELOAD,RECDRV_AVR_IN_PRESS,RECDRV_AVR_OUT_TEMPTU,RECDRV_AVR_ABS_PRESS,RECDRV_AVR_HYBRIED_BATTERY_T,RECDRV_AVR_DPF,RECDRV_AVR_DPF_TEMP,RECDRV_AVR_IN_TEMPTU,RECDRV_AVR_EGT1,RECDRV_AVR_EGT2,RECDRV_OBD_VOLT,RECDRV_FUEL_RATIO,RECDRV_AVR_SPEED_WITHOUT_0,RECDRV_AVR_CHARGE_SPEED,RECDRV_NIGHT_DIS,RECDRV_NIGHT_TIME,RECDRV_TIME_WITHOUT_0,RECDRV_SPEED_TIME,RECDRV_HIGHRPM_TIME,RECDRV_START_ADDRESS,RECDRV_START_ODOMETER,RECDRV_FINISH_ODOMETER,RECDRV_GLOBAL_TIME,RECDRV_UPDATE_DT,SERVER_UPDATE_TIME,RECDRV_LAT_ENCRYPTED,RECDRV_LONG_ENCRYPTED,RECDRV_ADDRESS_ENCRYPTED,RECDRV_START_LAT_ENCRYPTED,RECDRV_START_LONG_ENCRYPTED,RECDRV_START_ADDRESS_ENCRYPTED
6241476,1253416,641133,1,20211209160609,NULL,"2021-12-09 16:06:09","2021-12-09 16:12:43",00:01:30,0,0,0.029282864,32.943222,0.0,00:00:00,942,21120901,0,0,null,NULL,NULL,00:01:23,0,0,0,"2021-12-09 16:19:26",4.5111113,0,0.027088467,"2021-12-09 16:06:09",14.509802,14.331154,6660.8887,0,49.411774,0,0.046788193,0,-0.0203125,0,20.867105,29.755556,0.6666667,0,0,0,0,14.222222,0,0,10.544813,49.411774,0,0,0,00:00:00,00:00:00,00:00:00,00:00:00,NULL,NULL,NULL,"2021-12-09 19:17:54","2021-12-09 19:17:54","2023-10-30 14:58:59",9gUtn0KEeN1BPf6UDw5D2A==,9gUtn0KEeN1BPf6UDw5D2A==,e01qMB3i7tZKeSaUsTgRzw==,NULL,NULL,NULL
6243573,1253416,641133,0,20211209163143,NULL,"2021-12-09 16:31:43","2021-12-09 17:35:42",01:03:49,73.76269,69.13424,4.7809978,5378.6226,15.428304,00:05:27,1696,21120902,35.8445562,128.6961414,"대한민국 대구광역시 수성구 고산2동 86",NULL,NULL,00:03:49,69.85499,89.49959,31.581741,"2021-12-09 18:57:11",99.60747,0,0.06553417,"2021-12-09 16:31:43",21.312283,19.499645,7575.858,0,46.51112,0,0.0077104825,0,-0.02653067,0,33.36712,48.095848,11.746931,0,0,0,0,18.242622,0,0,14.241041,46.51112,73.572815,0.9894562,0,00:00:00,00:59:58,00:03:14,00:00:00,NULL,NULL,NULL,"2021-12-09 17:35:42","2021-12-09 18:57:11","2023-10-30 14:58:59",sHFF2Emcvs2tqxPxPb1ujQ==,1sNWEV30MyORsTrHsp7aoQ==,"GMTCNi8f/mdOEN+bCB4fTDm9dlhcmp4SjMX1m9Oc14RgPgou3BL+NQXmUVenOqvfR1uY0mDkS0X/
7SONfdfuWA==",NULL,NULL,NULL
6244721,1253416,641133,1,20211209190258,NULL,"2021-12-09 19:02:58","2021-12-09 19:14:04",00:11:07,0.9952699,5.3718143,0.2152867,242.19754,4.6229978,00:00:00,805,21120903,35.8438074,128.7056071,"대한민국 대구광역시 수성구 매호동 1330-4",NULL,NULL,00:07:13,89.14168,71.450165,-10.709723,"2021-12-09 20:31:16",99.20989,0,0.12112574,"2021-12-09 19:02:58",15.498692,14.675578,7835.412,0,47.216663,0,-0.0046734447,0,-0.01676115,0,24.848373,36.436283,8.67916,0,0,0,0,38.353825,0,0,14.070736,47.216663,15.377683,1.2085106,0,00:00:00,00:03:53,00:00:00,00:00:00,NULL,NULL,NULL,"2021-12-09 19:18:00","2021-12-09 19:18:00","2023-10-30 14:58:59",xJ9QWgT7ac4XwJBpt+HQBQ==,j62DQQl40UMEEIugq7V8DQ==,"GMTCNi8f/mdOEN+bCB4fTDm9dlhcmp4SjMX1m9Oc14Ssy0uCrhKLDeDrNzGAfafCnOKcDwVKo7zF
RLYHjFSwBg==",NULL,NULL,NULL
6253862,1253416,641133,0,20211210062353,NULL,"2021-12-10 06:23:53","2021-12-10 07:16:24",00:52:21,67.91257,77.877426,4.9250355,5540.665,13.789254,00:00:00,1879,21121001,36.1639593,129.0937746,"대한민국 경상북도 포항시 북구 죽장면 입암리 643-111",NULL,NULL,00:00:17,73.674065,89.80931,27.770552,"2021-12-10 13:12:49",99.94651,0,0.004733493,"2021-12-10 06:23:53",20.559864,20.201809,7604.6035,0,41.224888,0,0.002071892,0,-0.027466869,0,38.40902,54.029926,2.5113022,0,0,0,0,7.773639,0,0,14.200237,41.224888,78.4016,0.6715796,0,00:00:00,00:52:00,00:03:35,00:00:00,NULL,NULL,NULL,"2021-12-10 07:16:24","2021-12-10 13:12:49","2023-10-30 14:58:59",twhzZnaBFpmWpoxQ3rW9Fg==,PaHNT7induGlKgixOBzlJA==,"3BwcNpTQ7v9XKY6DWOTcWrOdmb8Z4I0+biCFjlHqIvQZmjO6i3Qzwd1RH8P2fGrsMDf15GmsXrgC
NRtI503UhsxvdiBa4KXj+BCjnMNfziw=",NULL,NULL,NULL
6255999,1253416,641133,0,20211210143408,NULL,"2021-12-10 14:34:08","2021-12-10 14:44:46",00:06:40,0.94944286,8.545,0.18420184,207.22707,5.1543617,00:00:00,1020,21121002,36.1638517,129.0937774,"대한민국 경상북도 포항시 북구 죽장면 입암리 643-11",NULL,NULL,00:02:44,87.18001,74.20174,-9.347513,"2021-12-10 16:33:00",41.1775,0,0.06056782,"2021-12-10 14:34:08",16.360764,15.771545,6964.95,0,35.52053,0,0.045839842,0,-0.025195312,0,26.114702,37.9025,11.34,0,0,0,0,17.075,0,0,13.106293,35.52053,15.396397,1.4497817,0,00:00:00,00:03:42,00:00:00,00:00:00,NULL,NULL,NULL,"2021-12-10 14:44:46","2021-12-10 16:33:00","2023-10-30 14:58:59",6dKknyngGDMIudksHW9rOg==,e5kFq3pmCWItdmUZLekoeA==,"3BwcNpTQ7v9XKY6DWOTcWrOdmb8Z4I0+biCFjlHqIvQZmjO6i3Qzwd1RH8P2fGrsMDf15GmsXrgC
NRtI503Uhr6EJ3bT7elDS/EkNYsZLD8=",NULL,NULL,NULL
6259745,1253416,641133,0,20211210163310,NULL,"2021-12-10 16:33:10","2021-12-10 17:34:55",01:01:46,66.309,64.412575,4.4490795,5005.2144,14.903981,00:03:35,1641,21121003,35.9077296,128.6191439,"대한민국 대구광역시 북구 검단동 887-50",NULL,NULL,00:04:30,70.75964,84.71321,30.624533,"2021-12-10 21:08:54",98.07501,0,0.08120348,"2021-12-10 16:33:10",20.937366,19.359848,7667.0938,0,32.514996,0,0,0,0,0,34.311157,47.38478,12.156773,0,0,0,0,19.616299,0,0,14.210311,32.514996,69.61592,1.0972989,0,00:00:00,00:57:09,00:04:22,00:00:00,NULL,NULL,NULL,"2021-12-10 17:34:55","2021-12-10 21:08:54","2023-10-30 14:58:59",+Vs2bjw7arZ5EgSxefG+jg==,iMaZAyoWBbzwPhAQn0BHfQ==,"GMTCNi8f/mdOEN+bCB4fTBA5tJgi5ZWhNA3vhCu7qwoS/IpSBeI+n8XzlrIBni2kKfWIhBVWU85W
TdF9Iew7Ag==",NULL,NULL,NULL
6283100,1253416,641133,0,20211211115731,NULL,"2021-12-11 11:57:31","2021-12-11 11:57:56",00:00:26,0,0,0.0057464275,6.4647307,0.0,00:00:00,651,21121101,0,0,null,NULL,NULL,00:00:25,0,0,0,"2021-12-12 12:21:16",0,0,0.005556068,"2021-12-11 11:57:31",14.509798,12.669686,7138.846,0,80.482635,0,-0.0078125,0,0,0,18.853699,30.346153,0,0,0,0,0,18.384615,0,0,8.593231,80.482635,0,0,0,00:00:00,00:00:00,00:00:00,00:00:00,NULL,NULL,NULL,"2021-12-11 11:57:56","2021-12-12 12:21:16","2023-10-30 14:58:59",9gUtn0KEeN1BPf6UDw5D2A==,9gUtn0KEeN1BPf6UDw5D2A==,e01qMB3i7tZKeSaUsTgRzw==,NULL,NULL,NULL
6284510,1253416,641133,0,20211212142335,NULL,"2021-12-12 14:23:35","2021-12-12 14:48:08",00:04:36,1.15389,15.050725,0.22247453,250.28384,5.1866164,00:00:00,1178,21121201,35.8209661,128.7552152,"대한민국 경상북도 경산시 동부동 511-13",NULL,NULL,00:01:09,92.13566,79.60254,-9.5221405,"2021-12-12 15:07:39",58.463768,0,0.024413489,"2021-12-12 14:23:35",20.50155,17.468021,7836.304,0,80.66794,0,0.054064766,0,-0.019644475,0,33.579144,45.449276,13.626812,0,0,0,0,17.246376,0,0,14.221061,80.66794,20.77,1.6915423,0,00:00:00,00:03:20,00:00:00,00:00:00,NULL,NULL,NULL,"2021-12-12 14:48:08","2021-12-12 15:07:39","2023-10-30 14:58:59",Eka/ZaOKeFpDWzLp5LrBtA==,nARxYKoMpaNFQAiJ/VQwYg==,"3BwcNpTQ7v9XKY6DWOTcWg/FCD4Yq7qMO4fGcX96gkQojdluIM81vxWA0/2Kveyyhhkb5UdD3GO0
ykWaSqU1ZQ==",NULL,NULL,NULL
6286340,1253416,641133,0,20211212150756,NULL,"2021-12-12 15:07:56","2021-12-12 15:20:31",00:00:04,0,0,0.0010349537,1.164323,0.0,00:00:00,655,21121202,35.8363605,128.718539,"대한민국 대구광역시 수성구 고산3동 386",NULL,NULL,00:00:00,0,0,0,"2021-12-12 18:05:10",79.5,0,0,"2021-12-12 15:07:56",14.509804,10.294118,6075,0,59.11765,0,0,0,-0.005859375,0,18.82353,35.5,8.25,0,0,0,0,21,0,0,10.64925,59.11765,0,0,0,00:00:00,00:00:00,00:00:00,00:00:00,NULL,NULL,NULL,"2021-12-12 15:20:31","2021-12-12 18:05:10","2023-10-30 14:58:59",pnrS89DOMtG0AcTY+CsZsQ==,WmztXM2jzYKPwN+0GqUygg==,"GMTCNi8f/mdOEN+bCB4fTDm9dlhcmp4SjMX1m9Oc14Qzg6D6p4Kx0u4WywVPxJprzH2xQ42o40cX
CNcsZTkqJw==",NULL,NULL,NULL
6288749,1253416,641133,1,20211212180731,NULL,"2021-12-12 18:07:31","2021-12-12 18:35:46",00:28:16,13.029987,27.658018,0.6546518,736.4833,19.90369,00:00:00,728,21121203,35.8343104,128.6973778,"대한민국 대구광역시 수성구 노변동 457",NULL,NULL,00:06:23,68.25857,70.051285,34.80909,"2021-12-12 21:18:54",100.791275,0,0.1364178,"2021-12-12 18:07:31",14.509768,7.625948,7650.531,0,72.982346,0,-0.0015984301,0,-0.0050348244,0,30.20992,44.564857,4.9528303,0,0,0,0,19.65389,0,0,14.166269,72.982346,38.54396,1.324633,0,00:00:00,00:20:17,00:00:00,00:00:00,NULL,NULL,NULL,"2021-12-15 09:26:54","2021-12-15 09:26:54","2023-10-30 14:58:59",mVOd+AqPLwn+A7IivmD32g==,oeRROWhNELtfpcf42NQg0Q==,"GMTCNi8f/mdOEN+bCB4fTDm9dlhcmp4SjMX1m9Oc14QALBx/z4VYsUN54aTcfZpUPvUPPK+xWbja
SHVJV0t6Uw==",NULL,NULL,NULL
6294149,1253416,641133,1,20211213063127,NULL,"2021-12-13 06:31:27","2021-12-13 07:36:59",00:15:09,101.107956,101.11551,1.9822247,2230.0027,51.007313,00:00:30,2292,21121301,36.1641799,129.0935687,"대한민국 경상북도 포항시 북구 죽장면 입암리 643-111",NULL,NULL,00:00:12,81.83485,78.19968,34.998466,"2021-12-13 07:50:05",100.178215,0,0.03779547,"2021-12-13 06:31:27",20.268751,22.92929,7353.41,0,69.564514,0,0.00087665016,0,-0.03265092,0,43.631664,58.69527,-2.5467546,0,0,0,0,1.750275,0,0,14.233505,69.564514,104.685646,1.0784982,0,00:00:00,00:14:38,00:01:09,00:00:00,NULL,NULL,NULL,"2021-12-15 09:26:24","2021-12-15 09:26:24","2023-10-30 14:58:59",Fi5Sg/QbP6DRpDXgsfN5Nw==,anVn+yryuBv055OKHCsdDg==,"3BwcNpTQ7v9XKY6DWOTcWrOdmb8Z4I0+biCFjlHqIvQZmjO6i3Qzwd1RH8P2fGrsMDf15GmsXrgC
NRtI503UhsxvdiBa4KXj+BCjnMNfziw=",NULL,NULL,NULL
6298138,1253416,641133,0,20211213150255,NULL,"2021-12-13 15:02:55","2021-12-13 15:16:30",00:00:08,0,0,0.0028559712,3.2129676,0.0,00:00:00,956,21121302,0,0,null,NULL,NULL,00:00:04,0,0,0,"2021-12-13 15:28:29",31,0,0.0015151586,"2021-12-13 15:02:55",14.509804,13.823529,5985,0,57.64706,0,-0.005859375,0,0,0,16.911766,32.125,0,0,0,0,0,5.75,0,0,7.021,57.64706,0,0,0,00:00:00,00:00:00,00:00:00,00:00:00,NULL,NULL,NULL,"2021-12-13 15:16:30","2021-12-13 15:28:29","2023-10-30 14:58:59",9gUtn0KEeN1BPf6UDw5D2A==,9gUtn0KEeN1BPf6UDw5D2A==,e01qMB3i7tZKeSaUsTgRzw==,NULL,NULL,NULL
6298879,1253416,641133,0,20211213152836,NULL,"2021-12-13 15:28:36","2021-12-13 15:31:28",00:02:53,0,0,0.07535948,84.77941,0.0,00:00:00,847,21121303,0,0,null,NULL,NULL,00:02:49,0,0,0,"2021-12-13 16:31:35",60.606937,0,0.07347041,"2021-12-13 15:28:36",14.509786,0.27881676,6657.2256,0,0.76164573,0,0,0,0,0,25.54913,40.358383,0,0,0,0,0,0.27745664,0,0,0,0.76164573,0,0,0,00:00:00,00:00:00,00:00:00,00:00:00,NULL,NULL,NULL,"2021-12-13 15:31:28","2021-12-13 16:31:35","2023-10-30 14:58:59",9gUtn0KEeN1BPf6UDw5D2A==,9gUtn0KEeN1BPf6UDw5D2A==,e01qMB3i7tZKeSaUsTgRzw==,NULL,NULL,NULL
6301438,1253416,641133,0,20211213163217,NULL,"2021-12-13 16:32:17","2021-12-13 17:34:38",00:56:10,70.18133,72.99288,4.989342,5613.01,14.066249,00:00:00,1764,21121304,35.8344561,128.6972636,"대한민국 대구광역시 수성구 노변동 457",NULL,NULL,00:02:20,75.470375,85.88469,28.476892,"2021-12-13 19:40:25",101.551926,0,0.040500235,"2021-12-13 16:32:17",21.019846,19.8207,7078.466,0,59.23227,0,-0.004455675,0,-0.032673404,0,36.691166,50.47181,3.7557864,0,0,0,0,9.5362015,0,0,14.255881,59.23227,76.20384,0.9700247,0,00:00:00,00:53:48,00:06:08,00:00:00,NULL,NULL,NULL,"2021-12-13 17:34:38","2021-12-13 19:40:25","2023-10-30 14:59:17",GPgh96t4tnxNAkfti6HPxw==,oELlWGE2loC5DCHJpjr/Vg==,"GMTCNi8f/mdOEN+bCB4fTDm9dlhcmp4SjMX1m9Oc14QALBx/z4VYsUN54aTcfZpUPvUPPK+xWbja
SHVJV0t6Uw==",NULL,NULL,NULL
6312071,1253416,641133,0,20211214061436,NULL,"2021-12-14 06:14:36","2021-12-14 07:15:11",00:47:21,74.48733,82.331924,4.754632,4269.6597,15.6662655,00:02:01,1903,21121401,36.1641624,129.0935405,"대한민국 경상북도 포항시 북구 죽장면 입암리 643-111",NULL,NULL,00:00:35,74.717094,95.741486,31.956724,"2021-12-14 14:56:03",98.75044,0,0.011274084,"2021-12-14 06:14:36",22.13198,20.820997,7354.0547,0,50.85888,0,0.0023264256,0,-0.032418713,0,39.753952,54.33439,-0.9517775,0,0,0,0,3.749384,0,0,14.268327,50.85888,83.507675,0.7793645,0,00:00:00,00:46:41,00:01:52,00:00:00,NULL,NULL,NULL,"2021-12-14 07:15:11","2021-12-14 14:56:03","2023-10-30 14:59:17",u7gk8RVZ99a/RErFtnG9Ow==,U/KvKTamnEWNIp13D84CEw==,"3BwcNpTQ7v9XKY6DWOTcWrOdmb8Z4I0+biCFjlHqIvQZmjO6i3Qzwd1RH8P2fGrsMDf15GmsXrgC
NRtI503UhsxvdiBa4KXj+BCjnMNfziw=",NULL,NULL,NULL
6312951,1253416,641133,0,20211214145611,NULL,"2021-12-14 14:56:11","2021-12-14 15:13:14",00:12:45,1.5008528,7.061438,0.34407902,308.98297,4.3619423,00:00:00,1016,21121402,36.1641551,129.0935016,"대한민국 경상북도 포항시 북구 죽장면 일광길 2",NULL,NULL,00:06:34,88.08704,73.05832,-11.387334,"2021-12-14 16:31:43",53.41438,0,0.12451016,"2021-12-14 14:56:11",16.408537,15.605225,6858.4185,0,46.825783,0,0.062653184,0,-0.05959967,0,24.052364,35.10719,6.847059,0,0,0,0,10.237908,0,0,13.849183,46.825783,15.131653,1.2872928,0,00:00:00,00:05:57,00:00:00,00:00:00,NULL,NULL,NULL,"2021-12-14 15:13:14","2021-12-14 16:31:43","2023-10-30 14:59:17",oJbSXZI/ykjFa5+MpfSeJg==,HyoMDSxZueKc73mYPs+pIg==,"3BwcNpTQ7v9XKY6DWOTcWrOdmb8Z4I0+biCFjlHqIvQZmjO6i3Qzwd1RH8P2fGrsV8OqW1lfPzJp
VoGy4bJkdW6wQNQyb+Yz17zhHGLmM6Y=",NULL,NULL,NULL
6321824,1253416,641133,0,20211214163151,NULL,"2021-12-14 16:31:51","2021-12-14 17:33:17",00:51:32,76.38407,78.24838,4.7201967,4238.737,16.182392,00:03:31,1844,21121403,35.8344371,128.6972683,"대한민국 대구광역시 수성구 노변동 457",NULL,NULL,00:00:30,73.25081,87.425415,32.66104,"2021-12-15 06:14:38",97.87096,0,0.009588964,"2021-12-14 16:31:51",21.827557,20.102377,7220.1714,0,43.510796,0,0.008479544,0,-0.03307679,0,36.37856,52.18014,6.8360286,0,0,0,0,11.934023,0,0,14.265995,43.510796,79.04083,0.79119086,0,00:00:00,00:51:01,00:06:00,00:00:00,NULL,NULL,NULL,"2021-12-14 17:33:17","2021-12-15 06:14:38","2023-10-30 14:59:17",LWNll7f9v1rLoQwR0ZvWmA==,UbZVhG77YM0aho8dQfncBw==,"GMTCNi8f/mdOEN+bCB4fTDm9dlhcmp4SjMX1m9Oc14QALBx/z4VYsUN54aTcfZpUPvUPPK+xWbja
SHVJV0t6Uw==",NULL,NULL,NULL
6325497,1253416,641133,0,20211215061447,NULL,"2021-12-15 06:14:47","2021-12-15 07:15:20",01:00:34,74.1907,73.497795,5.4745727,4916.166,13.55187,00:02:25,1762,21121501,36.1641682,129.0934962,"대한민국 경상북도 포항시 북구 죽장면 일광길 2",NULL,NULL,00:01:37,85.7101,100,26.96939,"2021-12-15 09:25:23",96.84755,0,0.034604326,"2021-12-15 06:14:47",23.297134,20.208616,7266.5684,0,35.69953,0,0.0014769366,0,-0.030641597,0,38.502705,53.061916,-0.18161805,0,0,0,0,4.407815,0,0,14.263217,35.69953,75.66317,0.875743,0,00:00:00,00:58:50,00:01:16,00:00:00,NULL,NULL,NULL,"2021-12-15 07:15:20","2021-12-15 09:25:23","2023-10-30 14:59:17",VQo+32LpNVfWknSk5+bEQQ==,IsEP1zT6lL56TqzGFXM6jQ==,"3BwcNpTQ7v9XKY6DWOTcWrOdmb8Z4I0+biCFjlHqIvQZmjO6i3Qzwd1RH8P2fGrsV8OqW1lfPzJp
VoGy4bJkdW6wQNQyb+Yz17zhHGLmM6Y=",NULL,NULL,NULL
6331016,1253416,641133,0,20211215144211,NULL,"2021-12-15 14:42:11","2021-12-15 14:59:25",00:12:28,1.6888889,8.127006,0.32003912,287.39514,5.2771325,00:00:00,974,21121502,36.1600475,129.0942156,"대한민국 경상북도 포항시 북구 죽장면 입암리 743-12",NULL,NULL,00:05:57,90.91583,75.5782,-9.017147,"2021-12-15 16:31:27",58.75535,0,0.1087402,"2021-12-15 14:42:11",16.386684,15.463401,7050.4546,0,33.651237,0,0.058938418,0,-0.04379387,0,24.738966,36.041443,12.707219,0,0,0,0,16.679144,0,0,13.810682,33.651237,16.124668,1.2974359,0,00:00:00,00:06:17,00:00:00,00:00:00,NULL,NULL,NULL,"2021-12-15 14:59:26","2021-12-15 16:31:27","2023-10-30 14:59:17",8D2+qI9kqeeDOIGJOxMysQ==,fLnNzfK5fJvW3IQWueqGqA==,"3BwcNpTQ7v9XKY6DWOTcWrOdmb8Z4I0+biCFjlHqIvQZmjO6i3Qzwd1RH8P2fGrswJ1fYx8v3Mlu
m+c4DKLh0lNr8KsVytUd6z6u3rc+658=",NULL,NULL,NULL
6343349,1253416,641133,0,20211215163135,NULL,"2021-12-15 16:31:35","2021-12-15 17:38:51",00:33:05,102.52149,75.8141,2.9354281,2636.0144,34.925568,00:02:33,1901,21121503,35.8347249,128.6971746,"대한민국 대구광역시 수성구 고산2동 330",NULL,NULL,00:00:30,72.6586,89.933,34.99845,"2021-12-16 06:15:11",96.61209,0,0.007820571,"2021-12-15 16:31:35",21.584692,20.141245,7508.7505,0,32.81993,0,0.0128187975,0,-0.030321158,0,36.030235,50.739548,11.573804,0,0,0,0,18.042822,0,0,14.227249,32.81993,77.254105,1.022074,0,00:00:00,00:32:28,00:03:34,00:00:00,NULL,NULL,NULL,"2021-12-15 17:38:51","2021-12-16 06:15:11","2023-10-30 14:59:17",Cl3bWp506ut2zLNHJWPFeQ==,o8YPqxZHEgwc02tGLzgGNA==,"GMTCNi8f/mdOEN+bCB4fTDm9dlhcmp4SjMX1m9Oc14RgPgou3BL+NQXmUVenOqvfJD79rGBnmeRY
wSvSG8D54Q==",NULL,NULL,NULL
6357688,1253416,641133,0,20211216061519,NULL,"2021-12-16 06:15:19","2021-12-16 07:15:40",01:00:22,74.198166,73.74848,5.625712,5051.889,13.189116,00:03:26,1877,21121601,36.1641854,129.0934992,"대한민국 경상북도 포항시 북구 죽장면 일광길 2",NULL,NULL,00:02:03,69.56146,85.118416,25.715649,"2021-12-16 16:31:37",96.753174,0,0.044053517,"2021-12-16 06:15:19",21.17038,20.325346,7569.5747,0,81.03829,0,0.0052672904,0,-0.027251001,0,36.981155,52.227497,3.8876312,0,0,0,0,9.007178,0,0,14.264136,81.03829,76.49399,0.91101575,0,00:00:00,00:58:12,00:04:47,00:00:03,NULL,NULL,NULL,"2021-12-16 07:15:40","2021-12-16 16:31:37","2023-10-30 14:59:17",EHC7FcUpuk33bSqTLWqZKw==,P/63j+ldJDjcHb1jfl/fzA==,"3BwcNpTQ7v9XKY6DWOTcWrOdmb8Z4I0+biCFjlHqIvQZmjO6i3Qzwd1RH8P2fGrsV8OqW1lfPzJp
VoGy4bJkdW6wQNQyb+Yz17zhHGLmM6Y=",NULL,NULL,NULL
6371228,1253416,641133,0,20211216163145,NULL,"2021-12-16 16:31:45","2021-12-16 17:33:40",00:54:37,75.995575,78.66738,4.809804,4319.204,15.800139,00:05:20,1821,21121602,35.8343884,128.6970017,"대한민국 대구광역시 수성구 고산2동 329-2",NULL,NULL,00:00:17,74.519066,93.31804,32.14876,"2021-12-17 06:14:02",98.50198,0,0.005178316,"2021-12-16 16:31:45",21.780848,20.18433,7326.1094,0,73.03836,0,0.01066858,0,-0.03656164,0,37.370407,51.15136,9.539212,0,0,0,0,14.972536,0,0,14.263416,73.03836,79.101875,0.8990488,0,00:00:00,00:54:19,00:05:13,00:00:00,NULL,NULL,NULL,"2021-12-16 17:33:40","2021-12-17 06:14:02","2023-10-30 14:59:17",O0Ax5NrtFkC3OM+ONaz0aQ==,YVmjDggj/EkUoi59QBp1aw==,"GMTCNi8f/mdOEN+bCB4fTDm9dlhcmp4SjMX1m9Oc14RgPgou3BL+NQXmUVenOqvfGPq3zpapomh4
6jIT1G1jHw==",NULL,NULL,NULL
6374653,1253416,641133,0,20211217061410,NULL,"2021-12-17 06:14:10","2021-12-17 07:13:25",00:59:16,74.0741,74.99578,5.419575,4866.7783,13.667879,00:02:30,1788,21121701,36.1641529,129.0935651,"대한민국 경상북도 포항시 북구 죽장면 입암리 643-111",NULL,NULL,00:01:31,77.32009,93.57588,27.300028,"2021-12-17 08:54:50",98.5239,0,0.029700493,"2021-12-17 06:14:10",22.388762,20.306814,7409.674,0,65.159225,0,-0.0017553958,0,-0.022431279,0,38.80608,53.299774,3.8982003,0,0,0,0,8.956693,0,0,14.263893,65.159225,77.09887,0.7868284,0,00:00:00,00:57:39,00:04:13,00:00:00,NULL,NULL,NULL,"2021-12-17 07:13:25","2021-12-17 08:54:50","2023-10-30 14:59:17",O3i6MneTq3549gA3oSddNQ==,4oOfsvXZ18/MDOSNGN3ntQ==,"3BwcNpTQ7v9XKY6DWOTcWrOdmb8Z4I0+biCFjlHqIvQZmjO6i3Qzwd1RH8P2fGrsMDf15GmsXrgC
NRtI503UhsxvdiBa4KXj+BCjnMNfziw=",NULL,NULL,NULL
6380426,1253416,641133,0,20211217085458,NULL,"2021-12-17 08:54:58","2021-12-17 08:57:54",00:02:57,0.5749989,11.694915,0.08094192,72.685844,7.1038456,00:00:00,1044,21121702,36.1600214,129.0943114,"대한민국 경상북도 포항시 북구 죽장면 입암리 743-2",NULL,NULL,00:00:31,0,0,0,"2021-12-17 16:32:11",57.299435,0,0.010184351,"2021-12-17 08:54:58",17.285906,15.712863,6946.949,0,62.16687,0,0.048331566,0,-0.03292726,0,23.988033,38.372883,0.9322034,0,0,0,0,22.497175,0,0,13.708639,62.16687,14.892086,1.3006994,0,00:00:00,00:02:19,00:00:00,00:00:00,NULL,NULL,NULL,"2021-12-17 08:57:54","2021-12-17 16:32:11","2023-10-30 14:59:17",YlKavK73PT4pRfbH6HnT6A==,vOTVsogDX3YQjqjITCBlwA==,"3BwcNpTQ7v9XKY6DWOTcWrOdmb8Z4I0+biCFjlHqIvQZmjO6i3Qzwd1RH8P2fGrswJ1fYx8v3Mlu
m+c4DKLh0jjGfqFYJ8XEaKMXYsHbdCI=",NULL,NULL,NULL
6383908,1253416,641133,0,20211217163219,NULL,"2021-12-17 16:32:19","2021-12-17 17:35:41",00:48:04,63.003353,78.644936,4.825904,4333.6616,13.055244,00:00:40,1850,21121703,35.9066132,128.6407838,"대한민국 대구광역시 동구 지저동 209-5",NULL,NULL,00:01:08,69.94311,85.23422,25.198929,"2021-12-17 19:32:41",92.47018,0,0.028690446,"2021-12-17 16:32:19",23.336416,20.908997,6651.6816,0,56.85584,0,-0.0012867328,0,-0.046642035,0,39.46576,52.523926,-1.131068,0,0,0,0,1.6518724,0,0,14.284302,56.85584,80.62994,0.99893427,0,00:00:00,00:46:53,00:04:03,00:00:04,NULL,NULL,NULL,"2021-12-17 17:35:41","2021-12-17 19:32:41","2023-10-30 14:59:17",/+pIfKCgakCrl6jG50kG7g==,Lxf9XpNeQuc9ZwX5peis8Q==,"GMTCNi8f/mdOEN+bCB4fTBb7Twc3sjx28FCjSVMfS+ao39zjBG/aLP6DGYpc71UJUgKGViFOf7MW
MKO4YphqhA==",NULL,NULL,NULL
6411616,1253416,641133,0,20211217193249,NULL,"2021-12-17 19:32:49","2021-12-17 20:00:10",00:00:25,0.7000856,2.8,0.006781314,6.08962,103.23745,00:00:00,594,21121704,35.8981645,128.6150798,"대한민국 대구광역시 북구 산격동 492-12",NULL,NULL,00:00:11,0,0,0,"2021-12-19 11:19:00",29.12,0,0.004509961,"2021-12-17 19:32:49",14.509799,14.3058815,4719.2,0,50.82352,0,0,0,-0.055,0,16.454903,53.4,-6.4,0,0,0,0,7.84,0,0,9.734879,50.82352,14,2.8,0,00:00:00,00:00:05,00:00:00,00:00:00,NULL,NULL,NULL,"2021-12-17 20:00:10","2021-12-19 11:19:00","2023-10-30 14:59:35",JrITc/bdRh563BOe9ZGayg==,C60MRehOzKRZBl6WS1qdkg==,"GMTCNi8f/mdOEN+bCB4fTBA5tJgi5ZWhNA3vhCu7qwoTyLtvsXYMjdYUbTQn68CU9XR2iIE+Uaie
5W5K9F5V3g==",NULL,NULL,NULL
6415495,1253416,641133,0,20211219111906,NULL,"2021-12-19 11:19:06","2021-12-19 12:19:32",00:01:49,22.961123,16.14679,0.0838781,75.32253,273.74396,00:00:00,1294,21121901,35.6943571,128.4455845,"대한민국 대구광역시 달성군 현풍면 하리 174",NULL,NULL,00:00:00,0,0,0,"2021-12-19 17:36:45",57.87156,0,0,"2021-12-19 11:19:06",21.949978,17.042631,7265.596,0,51.541702,0,0.052465595,0,-0.060134746,0,30.922829,45.201836,7.59633,0,0,0,0,13.027523,0,0,13.766589,51.541702,16.14679,1.1296296,0,00:00:00,00:01:49,00:00:00,00:00:00,NULL,NULL,NULL,"2021-12-19 12:19:32","2021-12-19 17:36:45","2023-10-30 14:59:35",b+rsoiCOe/wB2g/9OmqW5A==,uWlohXTGb/wfwsJKFaO/mQ==,"GMTCNi8f/mdOEN+bCB4fTOI4H8iIV+KmgYmTFjp6DB41QMLOF5FLzAkYXiUCDZ2w6clrKhOOaolx
tAebozTlNA==",NULL,NULL,NULL
6416613,1253416,641133,0,20211219173654,NULL,"2021-12-19 17:36:54","2021-12-19 18:32:41",00:01:17,0,0,0.022922194,20.58413,0.0,00:00:00,898,21121902,0,0,null,NULL,NULL,00:01:13,0,0,0,"2021-12-19 18:53:19",38.22078,0,0.022652803,"2021-12-19 17:36:54",14.509809,14.723714,6851.299,0,47.221745,0,0.09902597,0,-0.061891235,0,19.6333,31.753246,4.285714,0,0,0,0,14.896104,0,0,13.559437,47.221745,0,0,0,00:00:00,00:00:00,00:00:00,00:00:00,NULL,NULL,NULL,"2021-12-19 18:32:41","2021-12-19 18:53:19","2023-10-30 14:59:35",9gUtn0KEeN1BPf6UDw5D2A==,9gUtn0KEeN1BPf6UDw5D2A==,e01qMB3i7tZKeSaUsTgRzw==,NULL,NULL,NULL
6429854,1253416,641133,0,20211220070251,NULL,"2021-12-20 07:02:51","2021-12-20 08:20:35",01:17:36,95.80679,73.98368,6.550232,5882.1084,14.626473,00:00:57,1570,21122001,36.1636264,129.0937684,"대한민국 경상북도 포항시 북구 죽장면 입암리 643-8",NULL,NULL,00:02:47,68.88852,96.25266,29.75669,"2021-12-20 16:31:50",99.14519,0,0.0649392,"2021-12-20 07:02:51",26.536022,26.170584,7313.776,0,39.305576,0,-0.0034951542,0,-0.032078903,0,54.78063,48.522335,1.051976,0,0,0,0,8.468213,0,0,13.961596,39.305576,76.75312,0.6654836,0,00:00:00,01:14:48,00:01:56,00:00:00,NULL,NULL,NULL,"2021-12-20 08:20:36","2021-12-20 16:31:50","2023-10-30 14:59:35",xDGJw1vhhRuUxitQ0UGkOg==,s07vUEwrnDaLUxIiKGHufw==,"3BwcNpTQ7v9XKY6DWOTcWrOdmb8Z4I0+biCFjlHqIvQZmjO6i3Qzwd1RH8P2fGrsMDf15GmsXrgC
NRtI503Uhk4AKRzFsvEAU5yhd0tCOQc=",NULL,NULL,NULL
6430630,1253416,641133,0,20211220163157,NULL,"2021-12-20 16:31:57","2021-12-20 17:22:02",00:36:22,31.04262,34.35793,2.0933719,1879.8479,14.829004,00:00:42,1508,21122002,35.9924541,128.8591263,"대한민국 경상북도 영천시 청통면 우천리 1271-1",NULL,NULL,00:15:08,90.78942,97.72369,30.62861,"2021-12-20 17:27:52",52.372593,0,0.7712741,"2021-12-20 16:31:57",13.482126,10.71927,4153.364,0,19.106691,0,0.0063695866,0,-0.036473848,0,20.00594,48.12374,5.789184,0,0,0,0,7.2974334,0,0,8.217837,19.106691,58.937893,0.8710692,0,00:00:00,00:21:12,00:00:00,00:00:00,NULL,NULL,NULL,"2021-12-20 17:22:02","2021-12-20 17:27:52","2023-10-30 14:59:35",ED6uWvLu+UbSUetCAfD4kw==,1SZ5b4+6uFKwLK3KbotHTA==,"3BwcNpTQ7v9XKY6DWOTcWp+nmlTOJ1JoN/FC4vNIcD3JD/ib/pDd2a/rRBFCxZyewtRu/86jgDfg
NNEiN+r/DA==",NULL,NULL,NULL
6440149,1253416,641133,0,20211220172800,NULL,"2021-12-20 17:28:00","2021-12-20 18:04:04",00:36:05,4.20783,7,1.172985,1053.3405,3.5872838,00:00:00,1395,21122003,35.834314,128.6975752,"대한민국 대구광역시 수성구 노변동 455",NULL,NULL,00:00:00,87.378586,85.02926,-12.551684,"2021-12-21 06:14:06",0,0,0,"2021-12-20 17:28:00",0,0,0,0,0,0,0,0,-0.0149249425,0,0,37.613857,0,0,0,0,0,0,0,0,0,0,7,0,0,00:00:00,00:36:05,00:00:00,00:00:00,NULL,NULL,NULL,"2021-12-20 18:04:04","2021-12-21 06:14:06","2023-10-30 14:59:35",vEiUbLwd/s+NCspQq7b/XA==,lmEd2R25ezI2pTHdDev9mg==,"GMTCNi8f/mdOEN+bCB4fTDm9dlhcmp4SjMX1m9Oc14QALBx/z4VYsUN54aTcfZpUhQ9dYPC1IIRW
F4ElvZGu6w==",NULL,NULL,NULL
6446823,1253416,641133,0,20211221061413,NULL,"2021-12-21 06:14:13","2021-12-21 07:16:56",01:02:44,74.37229,71.12965,5.5725255,5004.128,13.346245,00:02:51,1749,21122101,36.1641864,129.0934884,"대한민국 경상북도 포항시 북구 죽장면 일광길 2",NULL,NULL,00:02:49,73.35484,94.25617,26.310024,"2021-12-21 16:29:41",97.41366,0,0.054364413,"2021-12-21 06:14:13",21.784374,20.085316,7522.1387,0,78.965965,0,0,0,-0.023065971,0,38.138004,52.846706,0.43730074,0,0,0,0,6.140542,0,0,14.2694,78.965965,74.61873,0.8613586,0,00:00:00,00:59:48,00:02:16,00:00:00,NULL,NULL,NULL,"2021-12-21 07:16:57","2021-12-21 16:29:41","2023-10-30 14:59:35",vOrNln6SozgB8Jtj66D9Uw==,ybi+N/eIDnGFJI3y342bbA==,"3BwcNpTQ7v9XKY6DWOTcWrOdmb8Z4I0+biCFjlHqIvQZmjO6i3Qzwd1RH8P2fGrsV8OqW1lfPzJp
VoGy4bJkdW6wQNQyb+Yz17zhHGLmM6Y=",NULL,NULL,NULL
6449507,1253416,641133,0,20211221162953,NULL,"2021-12-21 16:29:53","2021-12-21 17:30:12",00:44:26,69.57224,54.1024,3.5685134,3204.5251,19.496141,00:00:38,1859,21122102,35.8343931,128.6972978,"대한민국 대구광역시 수성구 노변동 457",NULL,NULL,00:01:50,77.325386,100,34.746754,"2021-12-21 19:20:08",100.35972,0,0.03065485,"2021-12-21 16:29:53",23.81186,19.451656,7375.3037,0,78.04212,0,0.0016762003,0,-0.023419917,0,38.317513,49.446735,11.06039,0,0,0,0,17.993624,0,0,14.250978,78.04212,56.56353,0.38425383,0,00:00:00,00:42:30,00:00:00,00:00:00,NULL,NULL,NULL,"2021-12-21 17:30:12","2021-12-21 19:20:08","2023-10-30 14:59:35",JAvlM0B8Eu3fp6LTASXkDg==,4WY1N4TQ6I8cL28o5KKuAg==,"GMTCNi8f/mdOEN+bCB4fTDm9dlhcmp4SjMX1m9Oc14QALBx/z4VYsUN54aTcfZpUPvUPPK+xWbja
SHVJV0t6Uw==",NULL,NULL,NULL
6477140,1253416,641133,0,20211223083523,NULL,"2021-12-23 08:35:23","2021-12-23 08:57:09",00:21:47,5.6588936,15.597243,0.79488415,713.80597,7.1191425,00:00:11,1067,21122301,35.8237788,128.7358933,"대한민국 경상북도 경산시 중방동 513",NULL,NULL,00:09:07,92.832695,79.75452,-2.7254221,"2021-12-23 11:44:04",83.94032,0,0.20149285,"2021-12-23 08:35:23",17.885452,16.073362,7140.375,0,63.054295,0,0.0124186445,0,-0.033648785,0,27.373495,41.844563,1.9502298,0,0,0,0,9.598009,0,0,14.215968,63.054295,27.015915,1.6306893,0,00:00:00,00:12:34,00:00:00,00:00:00,NULL,NULL,NULL,"2021-12-23 08:57:09","2021-12-23 11:44:04","2023-10-30 14:59:35",kF3i00h6bcEs2JdDa0RVOQ==,JAc83RxCsK6CjjhmUA0mQQ==,"3BwcNpTQ7v9XKY6DWOTcWg/FCD4Yq7qMO4fGcX96gkQngXtDjiOf8vvbREo1/zS6Hjt5VAvVY9L7
2umGg5nfMQ==",NULL,NULL,NULL
6490842,1253416,641133,0,20211223114428,NULL,"2021-12-23 11:44:28","2021-12-23 11:54:57",00:10:30,0,0,0.13358077,0.16029693,0.0,00:00:00,667,21122302,0,0,null,NULL,NULL,00:10:24,0,0,0,"2021-12-24 06:20:45",84.95238,0,0.13232715,"2021-12-23 11:44:28",14.509772,13.6384115,7520.7935,0,65.77814,0,0.04668899,0,-0.03125,0,25.01587,29.057142,5,0,0,0,0,42.86349,0,0,14.095684,65.77814,0,0,0,00:00:00,00:00:00,00:00:00,00:00:00,NULL,NULL,NULL,"2021-12-23 11:54:57","2021-12-24 06:20:45","2023-10-30 14:59:35",9gUtn0KEeN1BPf6UDw5D2A==,9gUtn0KEeN1BPf6UDw5D2A==,e01qMB3i7tZKeSaUsTgRzw==,NULL,NULL,NULL
6497908,1253416,641133,0,20211224062053,NULL,"2021-12-24 06:20:53","2021-12-24 07:19:54",00:58:48,74.007225,75.51672,5.5690093,6.6828113,13.289119,00:02:25,1809,21122401,36.1636574,129.0935431,"대한민국 경상북도 포항시 북구 죽장면 입암리 643-12",NULL,NULL,00:01:29,73.16746,97.236916,26.117445,"2021-12-24 16:32:22",97.44246,0,0.035883892,"2021-12-24 06:20:53",22.89185,20.556887,7028.6196,0,55.48092,0,0.00060896756,0,-0.03517175,0,38.92451,53.928288,-0.5462018,0,0,0,0,4.0255103,0,0,14.256285,55.48092,77.697,0.8971745,0,00:00:00,00:57:09,00:00:53,00:00:00,NULL,NULL,NULL,"2021-12-24 07:19:55","2021-12-24 16:32:22","2023-10-30 14:59:35",SW/Eg1P6XmT5Iu6qawXHMw==,amiYwxKFdsnkEPWOjfgssg==,"3BwcNpTQ7v9XKY6DWOTcWrOdmb8Z4I0+biCFjlHqIvQZmjO6i3Qzwd1RH8P2fGrsMDf15GmsXrgC
NRtI503UhlNr8KsVytUd6z6u3rc+658=",NULL,NULL,NULL
6516894,1253416,641133,0,20211224163231,NULL,"2021-12-24 16:32:31","2021-12-24 17:38:58",00:13:53,61.16126,60.01202,0.70027643,0.84033173,87.33874,00:00:00,1343,21122402,35.8342134,128.6973459,"대한민국 대구광역시 수성구 노변동 458",NULL,NULL,00:00:01,89.39118,100,34.998497,"2021-12-25 20:40:45",96.47419,0,0.00022635201,"2021-12-24 16:32:31",20.456705,17.61111,6757.6323,0,45.851032,0,0.007061298,0,-0.021268405,0,37.011223,44.71274,8.731971,0,0,0,0,14.872596,0,0,14.136779,45.851032,63.686226,0.7627551,0,00:00:00,00:13:04,00:00:00,00:00:00,NULL,NULL,NULL,"2021-12-24 17:38:58","2021-12-25 20:40:45","2023-10-30 14:59:54",D6hIcGljK2RKX06rvw5Iiw==,DHXpKSrodfrBsnnDdEVi2w==,"GMTCNi8f/mdOEN+bCB4fTDm9dlhcmp4SjMX1m9Oc14QALBx/z4VYsUN54aTcfZpUtamMD9IBDQSp
YUZdYD7Q3Q==",NULL,NULL,NULL
6542608,1253416,641133,0,20211225204053,NULL,"2021-12-25 20:40:53","2021-12-25 20:53:13",00:00:11,0,0,0.0036092338,0.0043310807,0.0,00:00:00,659,21122501,0,0,null,NULL,NULL,00:00:08,0,0,0,"2021-12-27 17:22:53",19.90909,0,0.0030330913,"2021-12-25 20:40:53",14.509802,13.547237,5800,0,35.294113,0,0,0,-0.010653409,0,19.786095,46,0,0,0,0,0,-0.90909094,0,0,10.340364,35.294113,0,0,0,00:00:00,00:00:00,00:00:00,00:00:00,NULL,NULL,NULL,"2021-12-25 20:53:13","2021-12-27 17:22:53","2023-10-30 14:59:54",9gUtn0KEeN1BPf6UDw5D2A==,9gUtn0KEeN1BPf6UDw5D2A==,e01qMB3i7tZKeSaUsTgRzw==,NULL,NULL,NULL
6556943,1253416,641133,0,20211227172302,NULL,"2021-12-27 17:23:02","2021-12-27 18:26:09",00:00:08,82.35542,81.875,0.0146563845,0.017587662,5619.0815,00:00:00,1951,21122701,35.8403331,128.6987415,"대한민국 대구광역시 수성구 시지동 503-2",NULL,NULL,00:00:00,0,0,0,"2021-12-28 14:34:33",0,0,0,"2021-12-27 17:23:02",29.950981,19.362745,3150,0,19.80392,0,0,0,0,0,38.088238,67.125,0,0,0,0,0,3.125,0,0,0,19.80392,81.875,0.33333334,0,00:00:00,00:00:08,00:00:00,00:00:00,NULL,NULL,NULL,"2021-12-27 18:26:09","2021-12-28 14:34:33","2023-10-30 14:59:54",8XdXWNJPmGmFSmmilgoaOg==,MIGBBVAocOpYwdQlRRWk3Q==,"GMTCNi8f/mdOEN+bCB4fTDm9dlhcmp4SjMX1m9Oc14SWgmpbfbpA216Ijqxced7MhmIhbIOsBYc9
3LqqBhwDZw==",NULL,NULL,NULL
6558198,1253416,641133,0,20211228143441,NULL,"2021-12-28 14:34:41","2021-12-28 14:37:47",00:00:40,0,0,0.012137447,0.014564936,0.0,00:00:00,894,21122801,0,0,null,NULL,NULL,00:00:36,0,0,0,"2021-12-28 16:37:39",33.225,0,0.010711318,"2021-12-28 14:34:41",14.509801,13.41176,5915,0,75.52945,0,0.064648435,0,-0.02734375,0,19.441177,29.225,4.025,0,0,0,0,9.9,0,0,11.21765,75.52945,0,0,0,00:00:00,00:00:00,00:00:00,00:00:00,NULL,NULL,NULL,"2021-12-28 14:37:47","2021-12-28 16:37:39","2023-10-30 14:59:54",9gUtn0KEeN1BPf6UDw5D2A==,9gUtn0KEeN1BPf6UDw5D2A==,e01qMB3i7tZKeSaUsTgRzw==,NULL,NULL,NULL
6568431,1253416,641133,0,20211228163748,NULL,"2021-12-28 16:37:48","2021-12-28 17:31:54",00:53:59,69.01927,76.729546,4.6877317,5.6252785,14.723383,00:00:03,1789,21122802,35.8342692,128.6972964,null,NULL,NULL,00:01:05,73.59852,86.70515,30.218515,"2021-12-29 06:18:15",101.5548,0,0.019227624,"2021-12-28 16:37:48",23.285769,20.115808,7010.025,0,76.44553,0,0.0026797429,0,-0.037960213,0,35.78486,49.98796,5.733251,0,0,0,0,11.0568075,0,0,14.268312,76.44553,78.42442,0.94043493,0,00:00:00,00:52:49,00:05:41,00:00:00,NULL,NULL,NULL,"2021-12-28 17:31:59","2021-12-29 06:18:15","2023-10-30 14:59:54",gDXCoSMlDBrmf+NvI7vJpA==,5Al0yqG11qcojzifiXQnmA==,e01qMB3i7tZKeSaUsTgRzw==,NULL,NULL,NULL
6574997,1253416,641133,0,20211229061826,NULL,"2021-12-29 06:18:26","2021-12-29 07:18:15",00:59:50,74.05675,74.262955,5.468331,6.5619974,13.542843,00:02:30,1782,21122901,36.163616,129.0935688,"대한민국 경상북도 포항시 북구 죽장면 입암리 643-12",NULL,NULL,00:01:34,83.93053,100,26.970713,"2021-12-29 16:31:59",98.085236,0,0.03592158,"2021-12-29 06:18:26",22.422832,20.172173,6996.8525,0,68.56995,0,-0.0031554666,0,-0.03151767,0,38.503548,53.268524,-0.7972145,0,0,0,0,3.9256268,0,0,14.274937,68.56995,76.41273,0.81144494,0,00:00:00,00:58:09,00:00:43,00:00:00,NULL,NULL,NULL,"2021-12-29 07:18:15","2021-12-29 16:31:59","2023-10-30 14:59:54",F4qFBIW/e1Y+1kbbA6a7hQ==,oXnonsdJiSyGUESzIfOe0g==,"3BwcNpTQ7v9XKY6DWOTcWrOdmb8Z4I0+biCFjlHqIvQZmjO6i3Qzwd1RH8P2fGrsMDf15GmsXrgC
NRtI503UhlNr8KsVytUd6z6u3rc+658=",NULL,NULL,NULL
6580182,1253416,641133,0,20211229163208,NULL,"2021-12-29 16:32:08","2021-12-29 17:30:42",00:58:31,52.506866,53.837368,3.7021048,4.442526,14.182977,00:02:53,1458,21122902,35.8850442,128.8199497,null,NULL,NULL,00:08:17,78.031105,98.97004,28.932755,"2021-12-29 22:17:47",99.46682,0,0.14327219,"2021-12-29 16:32:08",21.275066,18.281036,7049.7607,0,62.088375,0,-0.002142819,0,-0.030842798,0,33.165436,46.95443,7.7806892,0,0,0,0,14.672458,0,0,14.109623,62.088375,62.79834,1.1263227,0,00:00:00,00:50:10,00:00:00,00:00:00,NULL,NULL,NULL,"2021-12-29 17:30:47","2021-12-29 22:17:47","2023-10-30 14:59:54",1MksmFaKYwoMY34bw8EPaQ==,jXKAnuP/sK+jl4N2WnP/0w==,e01qMB3i7tZKeSaUsTgRzw==,NULL,NULL,NULL
6591702,1253416,641133,0,20211230061720,NULL,"2021-12-30 06:17:20","2021-12-30 07:20:06",01:02:47,74.2883,70.99469,5.6772127,5098.137,13.085347,00:02:53,1865,21123001,36.1636735,129.0935261,"대한민국 경상북도 포항시 북구 죽장면 입암리 643-12",NULL,NULL,00:03:10,80.880356,100,25.39835,"2021-12-30 16:33:14",98.17308,0,0.062088646,"2021-12-30 06:17:20",20.945314,19.99096,7303.7485,0,50.40919,0,0.008370387,0,-0.025893034,0,36.31907,51.285637,0.8460313,0,0,0,0,6.75073,0,0,14.26788,50.40919,74.91232,0.81409,0,00:00:00,00:59:30,00:00:00,00:00:03,NULL,NULL,NULL,"2021-12-30 07:20:06","2021-12-30 16:33:14","2023-10-30 14:59:54",0t5eKAPiaU5oAfRCtEJyfQ==,REenqTtzIPZk0F0UhE97aQ==,"3BwcNpTQ7v9XKY6DWOTcWrOdmb8Z4I0+biCFjlHqIvQZmjO6i3Qzwd1RH8P2fGrsMDf15GmsXrgC
NRtI503UhlNr8KsVytUd6z6u3rc+658=",NULL,NULL,NULL
6593498,1253416,641133,0,20211230163322,NULL,"2021-12-30 16:33:22","2021-12-30 17:02:48",00:29:26,27.721361,56.510193,1.7897338,2.1476805,15.489098,00:00:52,1483,21123002,36.0904559,129.2510728,"대한민국 경상북도 포항시 북구 신광면 냉수리 714-9",NULL,NULL,00:01:31,93.79111,100,31.72793,"2021-12-30 18:26:00",91.59626,0,0.032241963,"2021-12-30 16:33:22",22.137165,17.929117,6582.486,0,45.277237,0,-0.0011369267,0,-0.046888273,0,31.112537,46.35504,2.5498302,0,0,0,0,5.6812005,0,0,14.128386,45.277237,59.830338,0.80909634,0,00:00:00,00:27:48,00:00:00,00:00:00,NULL,NULL,NULL,"2021-12-30 17:02:48","2021-12-30 18:26:00","2023-10-30 14:59:54",Tg9J88R1YhdEDB/VeAseqg==,k+9mqi6H4CSBd0uLagFLTQ==,"3BwcNpTQ7v9XKY6DWOTcWrOdmb8Z4I0+biCFjlHqIvT48oBYVPTklB+tTLZYKBLoGlbAQ0w62ir1
pI6i+dQ8yRALFpdzRBjY8/zx7RYpOXA=",NULL,NULL,NULL
6602038,1253416,641133,0,20211230182610,NULL,"2021-12-30 18:26:10","2021-12-30 19:36:44",01:10:23,79.983894,68.10703,5.9813056,7.177567,13.3723135,00:02:44,1720,21123003,35.834594,128.6969932,"대한민국 대구광역시 수성구 고산2동 329-2",NULL,NULL,00:03:57,92.37534,100,26.3426,"2021-12-31 07:00:51",101.64125,0,0.06901447,"2021-12-30 18:26:10",19.058931,19.768286,6852.1953,0,39.143295,0,0.004195773,0,-0.033893634,0,36.709618,50.299313,1.6829268,0,0,0,0,10.842766,0,0,14.256579,39.143295,72.283485,0.72284925,0,00:00:00,01:06:19,00:00:00,00:00:00,NULL,NULL,NULL,"2021-12-30 19:36:44","2021-12-31 07:00:51","2023-10-30 15:00:13",mRseEflYbbUnS967VkEbzw==,aTXnxIUA9wrVJe1o9GNnBQ==,"GMTCNi8f/mdOEN+bCB4fTDm9dlhcmp4SjMX1m9Oc14RgPgou3BL+NQXmUVenOqvfGPq3zpapomh4
6jIT1G1jHw==",NULL,NULL,NULL
6606072,1253416,641133,0,20211231070100,NULL,"2021-12-31 07:01:00","2021-12-31 08:00:49",00:59:49,74.09021,74.29758,5.520929,6.625115,13.419881,00:02:55,1866,21123101,36.1636626,129.093392,"대한민국 경상북도 포항시 북구 죽장면 입암리 643-12",NULL,NULL,00:00:49,79.734825,100,26.561705,"2021-12-31 13:15:22",97.229866,0,0.018797956,"2021-12-31 07:01:00",22.072258,20.094923,6647.832,0,31.802267,0,0.0033130746,0,-0.036332805,0,36.55724,52.02201,-4.263583,0,0,0,0,0.28921705,0,0,14.2697935,31.802267,75.475235,0.8218326,0,00:00:00,00:58:53,00:00:38,00:00:00,NULL,NULL,NULL,"2021-12-31 08:00:50","2021-12-31 13:15:22","2023-10-30 15:00:13",uW4JyDtIoGcF8dx0hjdpGQ==,Ii1AX7ZABNby3607F84hTQ==,"3BwcNpTQ7v9XKY6DWOTcWrOdmb8Z4I0+biCFjlHqIvQZmjO6i3Qzwd1RH8P2fGrsMDf15GmsXrgC
NRtI503UhlNr8KsVytUd6z6u3rc+658=",NULL,NULL,NULL
6609505,1253416,641133,0,20211231160315,NULL,"2021-12-31 16:03:15","2021-12-31 17:15:19",01:11:55,66.4798,55.465816,5.0360947,6.043314,13.2006645,00:03:24,1539,21123102,35.8980463,128.6169612,"대한민국 대구광역시 북구 복현동 산23-2",NULL,NULL,00:12:39,71.703255,92.48265,25.724743,"2021-12-31 17:37:51",97.61367,0,0.21722189,"2021-12-31 16:03:15",20.712543,18.583845,6639.453,0,26.19721,0,-0.0008002607,0,-0.03174609,0,32.88365,47.006954,1.0669757,0,0,0,0,9.949942,0,0,14.267584,26.19721,67.43731,1.0835435,0,00:00:00,00:59:09,00:00:34,00:00:00,NULL,NULL,NULL,"2021-12-31 17:15:19","2021-12-31 17:37:51","2023-10-30 15:00:13",T5ahaQpXWf54mwwn27BeRQ==,1eMsIzD3qmG4N3xKHJVXfw==,"GMTCNi8f/mdOEN+bCB4fTBA5tJgi5ZWhNA3vhCu7qwpBWndXGg3jDs027D8ZQ4FBzBILwG+zQOTX
RWEJQvdS2Q==",NULL,NULL,NULL
6648660,1253416,641133,0,20220103065518,NULL,"2022-01-03 06:55:18","2022-01-03 07:59:55",01:04:38,74.30748,68.97963,5.292231,6.3506775,14.040861,00:03:06,1681,22010301,36.1641706,129.093562,"대한민국 경상북도 포항시 북구 죽장면 입암리 643-111",NULL,NULL,00:00:46,84.29294,100,28.462648,"2022-01-03 16:29:01",98.052605,0,0.015626522,"2022-01-03 06:55:18",21.113396,19.343174,7479.6646,0,74.65248,0,0.0041983626,0,-0.021239605,0,36.033333,52.321556,-5.829551,0,0,0,0,-0.86823106,0,0,14.280124,74.65248,69.935425,0.7635223,0,00:00:00,01:03:45,00:00:00,00:00:00,NULL,NULL,NULL,"2022-01-03 07:59:55","2022-01-03 16:29:01","2023-10-30 15:00:13",g2soGX8tkgYH3W1jncgOkw==,eo4mZs3yFn0VLcMfbxtOng==,"3BwcNpTQ7v9XKY6DWOTcWrOdmb8Z4I0+biCFjlHqIvQZmjO6i3Qzwd1RH8P2fGrsMDf15GmsXrgC
NRtI503UhsxvdiBa4KXj+BCjnMNfziw=",NULL,NULL,NULL
6658237,1253416,641133,0,20220103162911,NULL,"2022-01-03 16:29:11","2022-01-03 17:30:08",01:00:58,74.53497,73.355385,5.1198187,6.1437826,14.558127,00:00:12,1765,22010302,35.8346367,128.6975002,"대한민국 대구광역시 수성구 노변동 454-2",NULL,NULL,00:01:44,74.012146,90.186844,29.842422,"2022-01-04 06:55:49",98.04702,0,0.031564116,"2022-01-03 16:29:11",22.250732,19.814526,7226.8564,0,62.301937,0,0.0028725567,0,-0.026282292,0,35.147053,49.52515,3.7263532,0,0,0,0,9.190268,0,0,14.1649065,62.301937,75.629654,0.8787623,0,00:00:00,00:59:08,00:05:10,00:00:00,NULL,NULL,NULL,"2022-01-03 17:30:08","2022-01-04 06:55:49","2023-10-30 15:00:13",U88m6YQb4jIa9TIsBIHjMw==,+VlWtyC8EsE+7peOcC1/Tw==,"GMTCNi8f/mdOEN+bCB4fTDm9dlhcmp4SjMX1m9Oc14QALBx/z4VYsUN54aTcfZpUXpDJRjrWL1Kz
m60ZC0p4Fg==",NULL,NULL,NULL
6663825,1253416,641133,0,20220104065558,NULL,"2022-01-04 06:55:58","2022-01-04 07:57:37",01:01:09,74.116936,72.72308,5.161265,4634.816,14.360227,00:01:53,1743,22010401,36.1641604,129.0935227,"대한민국 경상북도 포항시 북구 죽장면 일광길 2",NULL,NULL,00:00:41,83.66694,100,29.336079,"2022-01-04 16:29:42",98.484055,0,0.012912005,"2022-01-04 06:55:58",22.204742,19.738018,7272.2104,0,54.709446,0,-0.0024870536,0,-0.021406122,0,36.022755,51.649223,1.9937313,0,0,0,0,6.825838,0,0,14.251904,54.709446,73.70746,0.82297707,0,00:00:00,01:00:20,00:00:00,00:00:00,NULL,NULL,NULL,"2022-01-04 07:57:38","2022-01-04 16:29:42","2023-10-30 15:00:13",iH8B3ouAcVZQ7SuS6avfwQ==,rCXbh6wCVGFYQrxCuPrnMg==,"3BwcNpTQ7v9XKY6DWOTcWrOdmb8Z4I0+biCFjlHqIvQZmjO6i3Qzwd1RH8P2fGrsV8OqW1lfPzJp
VoGy4bJkdW6wQNQyb+Yz17zhHGLmM6Y=",NULL,NULL,NULL
6673863,1253416,641133,0,20220104162951,NULL,"2022-01-04 16:29:51","2022-01-04 17:31:57",01:02:06,74.49162,71.972626,5.1884575,6.226149,14.357181,00:05:11,1864,22010402,35.8346098,128.6972626,"대한민국 대구광역시 수성구 고산2동 330",NULL,NULL,00:02:33,75.47801,100,29.254393,"2022-01-05 06:54:47",98.86929,0,0.045772944,"2022-01-04 16:29:51",20.62717,19.471561,7223.6553,0,46.60533,0,0.0053991377,0,-0.03043017,0,33.655003,48.22088,4.9374666,0,0,0,0,10.742351,0,0,14.26546,46.60533,75.201904,0.8348264,0,00:00:00,00:59:26,00:01:19,00:00:00,NULL,NULL,NULL,"2022-01-04 17:31:57","2022-01-05 06:54:47","2023-10-30 15:00:13",TuNoeFGx48fWbDIMg9Gu2Q==,VjJ27KHWfq1E2z/Q6MyjIA==,"GMTCNi8f/mdOEN+bCB4fTDm9dlhcmp4SjMX1m9Oc14RgPgou3BL+NQXmUVenOqvfJD79rGBnmeRY
wSvSG8D54Q==",NULL,NULL,NULL
6676501,1253416,641133,0,20220105065455,NULL,"2022-01-05 06:54:55","2022-01-05 07:56:28",01:01:34,74.15072,72.26259,5.592427,6.710912,13.2591305,00:03:13,1857,22010501,36.164177,129.0935768,"대한민국 경상북도 포항시 북구 죽장면 입암리 643-111",NULL,NULL,00:01:49,77.54917,97.76466,25.952438,"2022-01-05 10:50:00",97.44288,0,0.043337137,"2022-01-05 06:54:55",21.693958,19.883436,7076.2373,0,39.37746,0,-0.0022989137,0,-0.018454758,0,36.05981,51.8059,-4.149702,0,0,0,0,0.5151597,0,0,14.270133,39.37746,74.89843,0.89349777,0,00:00:00,00:59:24,00:01:51,00:00:00,NULL,NULL,NULL,"2022-01-05 07:56:28","2022-01-05 10:50:00","2023-10-30 15:00:13",ZfWyq15zRkJ9nctRJmmgBw==,lRcBMjtog6XKjdlbE3wrdg==,"3BwcNpTQ7v9XKY6DWOTcWrOdmb8Z4I0+biCFjlHqIvQZmjO6i3Qzwd1RH8P2fGrsMDf15GmsXrgC
NRtI503UhsxvdiBa4KXj+BCjnMNfziw=",NULL,NULL,NULL
6676834,1253416,641133,0,20220105105007,NULL,"2022-01-05 10:50:07","2022-01-05 11:30:14",00:40:08,35.51526,53.096344,2.24301,2014.223,15.83375,00:03:48,1424,22010502,35.972224,128.9424038,"대한민국 경상북도 영천시 야사동 279-2",NULL,NULL,00:01:44,82.47033,100,32.223816,"2022-01-05 11:39:03",97.997505,0,0.029129433,"2022-01-05 10:50:07",21.724943,17.53643,6847.263,0,33.461517,0,0.00011030938,0,-0.028586352,0,28.92368,45.901577,1.3359635,0,0,0,0,7.6399503,0,0,14.034311,33.461517,55.589565,0.91572547,0,00:00:00,00:38:20,00:00:00,00:00:00,NULL,NULL,NULL,"2022-01-05 11:30:14","2022-01-05 11:39:03","2023-10-30 15:00:13",Cf5sBqBldY+4VFEDlDH93w==,8Tn1Ti5GNmgv/Wcsc/RI8A==,"3BwcNpTQ7v9XKY6DWOTcWp+nmlTOJ1JoN/FC4vNIcD05yo4P9VF9sNiK9ARAtixBSmkMxogU1gYv
ix2Tst0mGw==",NULL,NULL,NULL
6689616,1253416,641133,0,20220105113911,NULL,"2022-01-05 11:39:11","2022-01-05 11:59:07",00:09:15,10.562495,19.299099,0.33116788,297.38876,31.894686,00:00:23,1024,22010503,36.0342737,128.976826,"대한민국 경상북도 영천시 임고면 선원리 307-2",NULL,NULL,00:03:57,96.246895,86.945274,34.998447,"2022-01-06 06:58:49",98.437836,0,0.062269375,"2022-01-05 11:39:11",18.37483,16.11869,7180.162,0,46.975536,0,0.021241553,0,-0.045045044,0,25.970669,41.55856,1.9135135,0,0,0,0,25.609009,0,0,13.825677,46.975536,34.440514,1.9025158,0,00:00:00,00:05:11,00:00:00,00:00:00,NULL,NULL,NULL,"2022-01-05 11:59:07","2022-01-06 06:58:49","2023-10-30 15:00:13",IypgStV1oz/0vP+kcGo28g==,pEQOZXe3UVYXCGdD1E6Xgw==,"3BwcNpTQ7v9XKY6DWOTcWp+nmlTOJ1JoN/FC4vNIcD3o+BLt+mwwcZC0WChyHnpM//9iOR2PQDei
DitXZW3ncA==",NULL,NULL,NULL
6695139,1253416,641133,0,20220106065857,NULL,"2022-01-06 06:58:57","2022-01-06 08:02:34",00:55:46,74.56581,74.44591,4.9508157,5.940979,15.061318,00:03:40,1781,22010601,36.1641521,129.093553,"대한민국 경상북도 포항시 북구 죽장면 입암리 643-111",NULL,NULL,00:01:22,83.427246,100,28.20519,"2022-01-06 16:29:29",98.43395,0,0.029475687,"2022-01-06 06:58:57",21.670439,20.28002,7588.963,0,72.40352,0,0.0011324156,0,-0.01334616,0,36.89203,51.553795,0.05588763,0,0,0,0,5.350568,0,0,14.266,72.40352,76.36297,0.8835428,0,00:00:00,00:54:22,00:01:30,00:00:00,NULL,NULL,NULL,"2022-01-06 08:02:34","2022-01-06 16:29:29","2023-10-30 15:00:13",UIHhewj6Js2DYuvrL9E/bQ==,Kx/Fd3n9Y1F7/hssSafClQ==,"3BwcNpTQ7v9XKY6DWOTcWrOdmb8Z4I0+biCFjlHqIvQZmjO6i3Qzwd1RH8P2fGrsMDf15GmsXrgC
NRtI503UhsxvdiBa4KXj+BCjnMNfziw=",NULL,NULL,NULL
6696461,1253416,641133,0,20220106162937,NULL,"2022-01-06 16:29:37","2022-01-06 17:29:06",00:00:12,11.890972,11.25,0.00610114,0.007321368,1948.9755,00:00:00,1266,22010602,35.8445083,128.6960891,"대한민국 대구광역시 수성구 시지동 132-3",NULL,NULL,00:00:00,0,0,0,"2022-01-06 18:03:23",14.666667,0,0,"2022-01-06 16:29:37",18.300653,14.901959,6494.1665,0,72.25491,0,0.018229166,0,-0.01171875,0,18.006536,33.583332,0.41666666,0,0,0,0,6.4166665,0,0,9.335333,72.25491,11.25,0.6363636,0,00:00:00,00:00:12,00:00:00,00:00:00,NULL,NULL,NULL,"2022-01-06 17:29:06","2022-01-06 18:03:23","2023-10-30 15:00:13",s2vugWEf81lvD4Ogu0pcfw==,P+DYfv2sayyDgvevBEU8BQ==,"GMTCNi8f/mdOEN+bCB4fTDm9dlhcmp4SjMX1m9Oc14SWgmpbfbpA216Ijqxced7MM4f4HRMtjk0s
4V/DTKMoqQ==",NULL,NULL,NULL
6753564,1253416,641133,0,20220110113106,NULL,"2022-01-10 11:31:06","2022-01-10 11:31:11",00:00:03,0,0,0,0.0,0.0,00:00:00,0,22011001,0,0,null,NULL,NULL,00:00:00,0,0,0,"2022-01-10 13:23:05",34.333332,0,0,"2022-01-10 11:31:06",14.509804,10.718955,2026.6666,0,60.653595,0,0,0,0,0,0,101,0,0,0,0,0,19.333334,0,0,0,60.653595,0,0,0,00:00:00,00:00:00,00:00:00,00:00:00,NULL,NULL,NULL,"2022-01-10 11:31:11","2022-01-10 13:23:05","2023-10-30 15:00:31",9gUtn0KEeN1BPf6UDw5D2A==,9gUtn0KEeN1BPf6UDw5D2A==,e01qMB3i7tZKeSaUsTgRzw==,NULL,NULL,NULL
7581564,1253416,641133,0,20220228170832,null,"2022-02-28 17:08:32","2022-02-28 17:17:02",00:08:31,13.688342,96.43444,1.1060134,993.2001,12.376289,00:00:00,2224,22022801,35.9552446,128.7537011,null,NULL,NULL,00:00:07,81.04096,71.821495,21.621532,"2022-03-02 14:43:05",98.99804,0,0.0014188853,"2022-02-28 17:08:32",20.38984,23.497955,8369.53,0,89.37514,0,-0.0004586595,0,-0.003745719,0,47.43178,59.990215,13.731898,0,0,0,0,21.44227,0,0,13.494219,89.37514,97.96819,0.87673956,0,00:00:00,00:08:23,00:01:08,00:00:02,null,0,0,"2022-02-28 17:17:07","2022-02-28 17:17:07","2023-10-30 15:02:58",FLmDlOiwEa7W0gl4UuQ1VA==,zeGFoY8ev4wZXqbAZILIXA==,e01qMB3i7tZKeSaUsTgRzw==,NULL,NULL,e01qMB3i7tZKeSaUsTgRzw==
7585445,1253416,641133,0,20220302144314,null,"2022-03-02 14:43:14","2022-03-02 15:56:00",01:12:47,55.238506,45.536755,3.5811915,3215.91,15.424617,00:01:56,1365,22030201,35.8209868,128.7552369,null,NULL,NULL,00:13:18,77.57698,93.29829,31.62093,"2022-03-02 18:56:43",103.23792,0,0.2212804,"2022-03-02 14:43:14",19.915026,17.305113,7643.263,0,67.38327,0,0.0043221894,0,-0.010487033,0,29.132105,43.882298,13.266087,0,0,0,0,23.682848,0,0,14.25091,67.38327,55.812237,1.0295182,0,00:00:00,00:59:23,00:00:00,00:00:00,null,0,0,"2022-03-02 15:56:05","2022-03-02 15:56:05","2023-10-30 15:02:58",ffBVd32+DMqwVv3TuM8gTQ==,JJsr3ta/iOMSB1EOYglDKg==,e01qMB3i7tZKeSaUsTgRzw==,NULL,NULL,e01qMB3i7tZKeSaUsTgRzw==
7592390,1253416,641133,0,20220302185652,null,"2022-03-02 18:56:52","2022-03-02 19:17:44",00:20:53,7.8100066,22.442139,0.8573386,769.8901,9.109594,00:00:50,1305,22030202,35.8342487,128.6973331,null,NULL,NULL,00:03:53,89.70277,86.94012,6.7491484,"2022-03-03 06:26:13",93.08779,0,0.070034474,"2022-03-02 18:56:52",18.749655,16.676838,7762.522,0,64.64563,0,0.015032671,0,-0.0054556564,0,24.665148,39.299282,10.132482,0,0,0,0,22.834797,0,0,14.2311,64.64563,27.75913,1.4344423,0,00:00:00,00:16:53,00:00:00,00:00:00,null,0,0,"2022-03-02 19:17:49","2022-03-02 19:17:49","2023-10-30 15:02:58",uiEwGG/mser9/JshYjNVIw==,4aS2JlzYu4+vvsJ0nTCP8Q==,e01qMB3i7tZKeSaUsTgRzw==,NULL,NULL,e01qMB3i7tZKeSaUsTgRzw==
7597912,1253416,641133,0,20220303062620,null,"2022-03-03 06:26:20","2022-03-03 07:26:38",01:00:19,68.42791,68.06798,5.0341187,4520.6387,13.592828,00:02:29,1813,22030301,36.1641542,129.0935304,null,NULL,NULL,00:09:08,74.61048,92.602486,27.059622,"2022-03-03 14:37:49",92.05084,0,0.19759156,"2022-03-03 06:26:20",21.01233,19.639843,7494.993,0,59.713123,0,0.00831117,0,-0.02295394,0,35.028408,49.055264,2.3437414,0,0,0,0,7.356452,0,0,14.24743,59.713123,80.42377,0.75407696,0,00:00:00,00:51:03,00:01:31,00:00:00,null,0,0,"2022-03-03 07:26:43","2022-03-03 07:26:43","2023-10-30 15:02:58",PcrVt5RCtxIS4XmPjxe9Gw==,5gIjIEkDQelNUWjtO8v4vw==,e01qMB3i7tZKeSaUsTgRzw==,NULL,NULL,e01qMB3i7tZKeSaUsTgRzw==
7608846,1253416,641133,0,20220303143757,null,"2022-03-03 14:37:57","2022-03-03 15:55:20",01:17:23,62.884636,48.756622,4.406706,3957.222,14.270214,00:00:49,1556,22030302,35.8209905,128.7551479,null,NULL,NULL,00:13:53,74.021935,92.62248,29.054455,"2022-03-04 06:19:25",102.48374,0,0.25568202,"2022-03-03 14:37:57",19.640205,17.913956,7824.393,0,51.37823,0,0.0025879012,0,-0.006309902,0,29.383894,43.732933,15.263408,0,0,0,0,24.894464,0,0,14.250187,51.37823,59.463356,1.1634891,0,00:00:00,01:03:27,00:00:00,00:00:00,null,0,0,"2022-03-03 15:55:25","2022-03-03 15:55:25","2023-10-30 15:03:16",AnF18VD67qWdMJF/WX7Dhw==,bfNHdM2+nhKk7XzJ7MeLug==,e01qMB3i7tZKeSaUsTgRzw==,NULL,NULL,e01qMB3i7tZKeSaUsTgRzw==
7614256,1253416,641133,0,20220304061935,null,"2022-03-04 06:19:35","2022-03-04 07:19:43",01:00:09,74.38298,74.19784,5.4523783,4896.236,13.6423,00:02:05,1901,22030401,36.1641648,129.0935394,null,NULL,NULL,00:01:30,80.141045,100,27.204828,"2022-03-04 14:33:42",98.737045,0,0.028101105,"2022-03-04 06:19:35",21.92679,20.027298,7471.84,0,43.87798,0,-0.0008182668,0,-0.0192704,0,36.762123,51.669716,-0.72125244,0,0,0,0,4.758105,0,0,14.266392,43.87798,76.247154,0.7519909,0,00:00:00,00:58:32,00:00:20,00:00:00,null,0,0,"2022-03-04 07:19:48","2022-03-04 07:19:48","2023-10-30 15:03:16",JOVgHrGJvFMeaowAQupOgQ==,mQ5mVdw95YTM1F/SCuVCdw==,e01qMB3i7tZKeSaUsTgRzw==,NULL,NULL,e01qMB3i7tZKeSaUsTgRzw==
7657965,1253416,641133,0,20220304143350,null,"2022-03-04 14:33:50","2022-03-04 15:34:04",01:00:10,74.81077,74.603325,4.825514,4333.3115,15.503171,00:01:27,1776,22030402,35.8343766,128.6971207,null,NULL,NULL,00:01:54,76.806526,91.97846,31.687744,"2022-03-07 06:46:50",101.10997,0,0.031405453,"2022-03-04 14:33:50",19.742369,19.786108,7806.7314,0,35.944244,0,-0.0007401316,0,-0.00570464,0,36.11602,49.01385,16.318836,0,0,0,0,23.144875,0,0,14.03793,35.944244,77.1906,0.71567506,0,00:00:00,00:58:09,00:05:20,00:00:00,null,0,0,"2022-03-04 15:34:04","2022-03-04 15:34:04","2023-10-30 15:03:16",2r2SLiIqL1pzWQd5bp5x1g==,b5uhAbxCckQb5hcwaMKd7Q==,e01qMB3i7tZKeSaUsTgRzw==,NULL,NULL,e01qMB3i7tZKeSaUsTgRzw==
7662736,1253416,641133,0,20220307064659,null,"2022-03-07 06:46:59","2022-03-07 07:53:16",01:03:10,74.11948,70.40581,5.345905,4800.6226,13.86472,00:01:31,1717,22030701,36.16417,129.0935244,null,NULL,NULL,00:01:41,79.62851,100,27.911955,"2022-03-07 14:39:35",97.28971,0,0.0366432,"2022-03-07 06:46:59",23.059734,19.805754,7236.7466,0,65.49797,0,-0.0019129288,0,-0.022819096,0,37.572662,52.12058,-1.6709763,0,0,0,0,3.4831135,0,0,14.25237,65.49797,72.589226,0.7928222,0,00:00:00,01:01:16,00:00:00,00:00:01,null,0,0,"2022-03-07 07:53:21","2022-03-07 07:53:21","2023-10-30 15:03:16",1oFRevJOTGfVJye0mhvp9g==,Wghjm0mtaeMPojqfDY/qhA==,e01qMB3i7tZKeSaUsTgRzw==,NULL,NULL,e01qMB3i7tZKeSaUsTgRzw==
7664292,1253416,641133,0,20220307143944,null,"2022-03-07 14:39:44","2022-03-07 15:54:36",01:14:53,61.14914,48.99577,3.8696485,3474.9443,15.802247,00:02:13,1379,22030702,35.832147,128.7490491,null,NULL,NULL,00:10:32,81.120804,100,32.104214,"2022-03-07 17:00:55",102.53127,0,0.17711686,"2022-03-07 14:39:44",19.834019,17.493845,7592.283,0,80.23036,0,-0.0026847317,0,-0.014148746,0,29.742338,43.193855,13.102382,0,0,0,0,23.580013,0,0,14.217319,80.23036,57.0158,0.8973168,0,00:00:00,01:04:21,00:00:00,00:00:00,null,0,0,"2022-03-07 15:54:41","2022-03-07 15:54:41","2023-10-30 15:03:16",c5b9dErrPyqz7yrclP7PeA==,EX2sOGpSIVx0Mt/TfbnNCA==,e01qMB3i7tZKeSaUsTgRzw==,NULL,NULL,e01qMB3i7tZKeSaUsTgRzw==
7824034,1253416,641133,0,20220316061309,null,"2022-03-16 06:13:09","2022-03-16 07:13:02",00:59:54,74.070915,74.194214,5.2496905,4714.222,14.109577,00:01:56,1893,22031601,36.1641332,129.0935518,null,NULL,NULL,00:01:37,79.378395,98.05166,28.68315,"2022-03-17 06:17:20",99.43406,0,0.0320929,"2022-03-16 06:13:09",21.558697,19.978476,7701.85,0,49.38472,0,0.0053083263,0,-0.027352445,0,35.475098,50.690872,3.8661659,0,0,0,0,8.934057,0,0,14.200309,49.38472,76.40516,0.8094966,0,00:00:00,00:58:10,00:02:43,00:00:00,null,0,0,"2022-03-16 07:13:07","2022-03-16 07:13:07","2023-10-30 15:03:53",vioLh0c/LGSqp4ZnwUNC1A==,jsDUdUSQQkODn4GOSqFWrA==,e01qMB3i7tZKeSaUsTgRzw==,NULL,NULL,e01qMB3i7tZKeSaUsTgRzw==
7829491,1253416,641133,0,20220317061728,null,"2022-03-17 06:17:28","2022-03-17 07:16:38",00:59:10,74.03509,75.07774,5.056717,4540.9316,14.64094,00:01:58,1912,22031701,36.1641418,129.0935606,null,NULL,NULL,00:00:29,82.05045,100,29.953018,"2022-03-17 14:32:20",99.40338,0,0.008302843,"2022-03-17 06:17:28",20.228565,19.909899,7849.2393,0,33.803116,0,-0.0026474472,0,-0.011483274,0,35.924103,49.88648,9.711267,0,0,0,0,14.848451,0,0,14.259028,33.803116,75.7822,0.7485081,0,00:00:00,00:58:37,00:00:16,00:00:02,null,0,0,"2022-03-17 07:16:43","2022-03-17 07:16:43","2023-10-30 15:03:53",BctVb274N87UcDAuvfMF/w==,2jEB7bYM5U/xvsV6ziscLg==,e01qMB3i7tZKeSaUsTgRzw==,NULL,NULL,e01qMB3i7tZKeSaUsTgRzw==
7840461,1253416,641133,0,20220317143228,null,"2022-03-17 14:32:28","2022-03-17 15:37:21",01:02:14,73.97666,71.3203,5.236282,4702.181,14.127708,00:02:47,1851,22031702,35.8350594,128.6965388,null,NULL,NULL,00:02:56,69.699265,85.259895,28.648586,"2022-03-18 06:12:02",96.91511,0,0.057162173,"2022-03-17 14:32:28",19.706757,19.631105,7560.236,0,56.117,0,0.0064525306,0,-0.028682796,0,33.807693,48.56722,7.1791644,0,0,0,0,13.184253,0,0,14.180349,56.117,75.0169,0.98088276,0,00:00:00,00:59:10,00:06:07,00:00:01,null,0,0,"2022-03-17 15:37:26","2022-03-17 15:37:26","2023-10-30 15:03:53",IG4tg4J0bw6Nqz+oBliJ+A==,D/+WoebWwFOtFUg3wncSSQ==,e01qMB3i7tZKeSaUsTgRzw==,NULL,NULL,e01qMB3i7tZKeSaUsTgRzw==
7846020,1253416,641133,0,20220318061210,null,"2022-03-18 06:12:10","2022-03-18 07:13:29",01:01:18,74.148865,72.576126,5.8837314,5283.591,12.602354,00:02:49,1872,22031801,36.164155,129.0934906,null,NULL,NULL,00:02:37,84.13754,100,23.46763,"2022-03-18 14:33:05",97.772705,0,0.058920603,"2022-03-18 06:12:10",21.57655,20.558487,7569.2007,0,81.262085,0,-0.000087088774,0,-0.027936378,0,40.624893,54.026375,5.331974,0,0,0,0,10.179445,0,0,14.262971,81.262085,75.96329,0.78965324,0,00:00:00,00:58:34,00:00:00,00:00:00,null,0,0,"2022-03-18 07:13:32","2022-03-18 07:13:32","2023-10-30 15:03:53",izrQEKrUljGEEDIsuDgHug==,t6E+dUuCyI7DqngS/5gZ9g==,e01qMB3i7tZKeSaUsTgRzw==,NULL,NULL,e01qMB3i7tZKeSaUsTgRzw==
7894604,1253416,641133,0,20220318143311,null,"2022-03-18 14:33:11","2022-03-18 15:11:55",00:38:44,49.215202,76.23451,3.5842245,3218.6335,13.73106,00:02:15,1942,22031802,35.9527153,128.7644663,null,NULL,NULL,00:00:53,79.83438,89.07584,27.701286,"2022-03-21 14:33:30",97.98365,0,0.015444653,"2022-03-18 14:33:11",20.698935,20.381985,7420.4346,0,74.89613,0,0.0006387156,0,-0.030093588,0,36.970745,49.73709,7.125215,0,0,0,0,12.416093,0,0,14.070906,74.89613,78.04802,0.85557026,0,00:00:00,00:37:50,00:05:08,00:00:00,null,0,0,"2022-03-18 15:12:00","2022-03-18 15:12:00","2023-10-30 15:03:53",3nlJ1TDGJ9qIjGF4qUCpOw==,dZxUBcELGwceKEG8pg7raw==,e01qMB3i7tZKeSaUsTgRzw==,NULL,NULL,e01qMB3i7tZKeSaUsTgRzw==
8426242,1253416,641133,0,20220321143338,null,"2022-03-21 14:33:38","2022-03-21 15:33:55",01:00:18,74.28815,73.91874,4.939108,4435.319,15.040803,00:02:40,1892,22032101,35.834314,128.6975738,null,NULL,NULL,00:01:27,77.722046,92.36241,30.840807,"2022-04-21 14:09:30",98.31813,0,0.027495915,"2022-03-21 14:33:38",19.632048,19.627592,7628.4385,0,52.39409,0,0.0019606827,0,-0.019146888,0,32.830696,47.679104,13.006357,0,0,0,0,17.832228,0,0,13.7437315,52.39409,75.78294,0.8520509,0,00:00:00,00:58:49,00:06:38,00:00:00,null,0,0,"2022-03-21 15:34:00","2022-03-21 15:34:00","2023-10-30 15:05:44",vEiUbLwd/s+NCspQq7b/XA==,l52ixUTrz/+AcNf7Ttw8tQ==,e01qMB3i7tZKeSaUsTgRzw==,NULL,NULL,e01qMB3i7tZKeSaUsTgRzw==
